Abbotsford,British Columbia
Armstrong,British Columbia
Burnaby,British Columbia
Campbell River,British Columbia
Castlegar,British Columbia
Chilliwack,British Columbia
Colwood,British Columbia
Coquitlam,British Columbia
Courtenay,British Columbia
Cranbrook,British Columbia
Dawson Creek,British Columbia
Delta,British Columbia
Duncan,British Columbia
Enderby,British Columbia
Fernie,British Columbia
Fort St. John,British Columbia
Grand Forks,British Columbia
Greenwood,British Columbia
Kamloops,British Columbia
Kelowna,British Columbia
Kimberley,British Columbia
Langford,British Columbia
Langley,British Columbia
Maple Ridge,British Columbia
Merritt,British Columbia
Mission,British Columbia
Nanaimo,British Columbia
Nelson,British Columbia
New Westminster,British Columbia
North Vancouver,British Columbia
Parksville,British Columbia
Penticton,British Columbia
Pitt Meadows,British Columbia
Port Alberni,British Columbia
Port Coquitlam,British Columbia
Port Moody,British Columbia
Powell River,British Columbia
Prince George,British Columbia
Prince Rupert,British Columbia
Quesnel,British Columbia
Revelstoke,British Columbia
Richmond,British Columbia
Rossland,British Columbia
Salmon Arm,British Columbia
Surrey,British Columbia
Terrace,British Columbia
Trail,British Columbia
Vancouver,British Columbia
Vernon,British Columbia
Victoria,British Columbia
West Kelowna,British Columbia
White Rock,British Columbia
Williams Lake,British Columbia
Barriere,British Columbia
Central Saanich,British Columbia
Chetwynd,British Columbia
Clearwater,British Columbia
Coldstream,British Columbia
Elkford,British Columbia
Esquimalt,British Columbia
Fort St. James,British Columbia
Highlands,British Columbia
Hope,British Columbia
Houston,British Columbia
Hudson's Hope,British Columbia
Invermere,British Columbia
Kent,British Columbia
Kitimat,British Columbia
Lake Country,British Columbia
Langley,British Columbia
Lantzville,British Columbia
Lillooet,British Columbia
Logan Lake,British Columbia
Mackenzie,British Columbia
Metchosin,British Columbia
New Hazelton,British Columbia
North Cowichan,British Columbia
North Saanich,British Columbia
North Vancouver,British Columbia
Northern Rockies,British Columbia
Oak Bay,British Columbia
One Hundred Mile House,British Columbia
Peachland,British Columbia
Port Edward,British Columbia
Port Hardy,British Columbia
Saanich,British Columbia
Sechelt,British Columbia
Sicamous,British Columbia
Sooke,British Columbia
Spallumcheen,British Columbia
Sparwood,British Columbia
Squamish,British Columbia
Stewart,British Columbia
Summerland,British Columbia
Taylor,British Columbia
Tofino,British Columbia
Tumbler Ridge,British Columbia
Ucluelet,British Columbia
Vanderhoof,British Columbia
Wells,British Columbia
West Vancouver,British Columbia
sh�sh�lh Nation,British Columbia
Bowen Island,British Columbia
Sun Peaks Mountain,British Columbia
Whistler,British Columbia
Comox,British Columbia
Creston,British Columbia
Gibsons,British Columbia
Golden,British Columbia
Ladysmith,British Columbia
Lake Cowichan,British Columbia
Oliver,British Columbia
Osoyoos,British Columbia
Port McNeill,British Columbia
Princeton,British Columbia
Qualicum Beach,British Columbia
Sidney,British Columbia
Smithers,British Columbia
View Royal,British Columbia
Alert Bay,British Columbia
Anmore,British Columbia
Ashcroft,British Columbia
Belcarra,British Columbia
Burns Lake,British Columbia
Cache Creek,British Columbia
Canal Flats,British Columbia
Chase,British Columbia
Clinton,British Columbia
Cumberland,British Columbia
Daajing Giids,British Columbia
Fraser Lake,British Columbia
Fruitvale,British Columbia
Gold River,British Columbia
Granisle,British Columbia
Harrison Hot Springs,British Columbia
Hazelton,British Columbia
Kaslo,British Columbia
Keremeos,British Columbia
Lions Bay,British Columbia
Lumby,British Columbia
Lytton,British Columbia
Masset,British Columbia
McBride,British Columbia
Midway,British Columbia
Montrose,British Columbia
Nakusp,British Columbia
New Denver,British Columbia
Pemberton,British Columbia
Port Alice,British Columbia
Port Clements,British Columbia
Pouce Coupe,British Columbia
Radium Hot Springs,British Columbia
Salmo,British Columbia
Sayward,British Columbia
Silverton,British Columbia
Slocan,British Columbia
Tahsis,British Columbia
Telkwa,British Columbia
Valemount,British Columbia
Warfield,British Columbia
Zeballos,British Columbia
